"ΜΑΡΙΑ";6652
"ΕΛΕΝΗ";3850
"ΓΕΩΡΓΙΟΣ";3320
"ΑΙΚΑΤΕΡΙΝΗ";2770
"ΒΑΣΙΛΙΚΗ";2569
"ΔΗΜΗΤΡΙΟΣ";2425
"ΚΩΝΣΤΑΝΤΙΝΟΣ";2413
"ΙΩΑΝΝΗΣ";2378
"ΝΙΚΟΛΑΟΣ";2027
"ΓΕΩΡΓΙΑ";1852
"ΣΟΦΙΑ";1836
"ΑΝΑΣΤΑΣΙΑ";1729
"ΕΥΑΓΓΕΛΙΑ";1712
"ΙΩΑΝΝΑ";1621
"ΔΗΜΗΤΡΑ";1572
"ΕΙΡΗΝΗ";1519
"ΧΡΗΣΤΟΣ";1381
"ΠΑΝΑΓΙΩΤΑ";1357
"ΧΡΙΣΤΙΝΑ";1346
"ΠΑΝΑΓΙΩΤΗΣ";1310
"ΒΑΣΙΛΕΙΟΣ";1304
"ΚΩΝΣΤΑΝΤΙΝΑ";1158
"ΑΝΝΑ";1136
"ΑΓΓΕΛΙΚΗ";1052
"ΑΘΑΝΑΣΙΟΣ";1049
"ΔΕΣΠΟΙΝΑ";960
"ΠΑΡΑΣΚΕΥΗ";896
"ΦΩΤΕΙΝΗ";809
"ΑΛΕΞΑΝΔΡΑ";803
"ΕΥΑΓΓΕΛΟΣ";702
"ΚΥΡΙΑΚΗ";688
"ΘΕΟΔΩΡΑ";687
"ΣΤΑΥΡΟΥΛΑ";684
"ΧΡΥΣΟΥΛΑ";678
"ΚΑΛΛΙΟΠΗ";615
"ΑΘΑΝΑΣΙΑ";598
"ΕΛΕΥΘΕΡΙΑ";597
"ΑΘΗΝΑ";577
"ΜΙΧΑΗΛ";572
"ΑΛΕΞΑΝΔΡΟΣ";557
"ΣΤΥΛΙΑΝΗ";548
"ΟΛΓΑ";534
"ΖΩΗ";531
"ΘΕΟΔΩΡΟΣ";525
"ΑΝΑΣΤΑΣΙΟΣ";513
"ΣΠΥΡΙΔΩΝ";501
"ΑΝΤΩΝΙΟΣ";499
"ΕΜΜΑΝΟΥΗΛ";496
"ΕΛΙΣΑΒΕΤ";480
"ΗΛΙΑΣ";469
"ΕΥΓΕΝΙΑ";468
"ΑΝΔΡΕΑΣ";442
"ΜΑΡΙΝΑ";411
"ΕΥΘΥΜΙΑ";403
"ΑΠΟΣΤΟΛΟΣ";401
"ΧΑΡΑΛΑΜΠΟΣ";395
"ΧΑΡΙΚΛΕΙΑ";364
"ΣΤΑΥΡΟΣ";331
"ΝΙΚΗ";323
"ΑΝΤΩΝΙΑ";322
"ΟΥΡΑΝΙΑ";316
"ΠΕΤΡΟΣ";309
"ΣΤΥΛΙΑΝΟΣ";298
"ΣΩΤΗΡΙΟΣ";295
"ΕΥΦΡΟΣΥΝΗ";281
"ΜΑΓΔΑΛΗΝΗ";277
"ΧΡΥΣΑΝΘΗ";264
"ΑΦΡΟΔΙΤΗ";258
"ΘΩΜΑΣ";255
"ΣΠΥΡΙΔΟΥΛΑ";252
"ΑΡΓΥΡΩ";245
"ΣΩΤΗΡΙΑ";242
"ΜΑΡΓΑΡΙΤΑ";239
"ΒΑΪΑ";237
"ΕΥΑΝΘΙΑ";237
"ΕΥΤΥΧΙΑ";235
"ΠΗΝΕΛΟΠΗ";233
"ΣΤΕΦΑΝΟΣ";232
"ΠΟΛΥΞΕΝΗ";230
"ΒΑΡΒΑΡΑ";228
"ΛΑΜΠΡΙΝΗ";228
"ΝΙΚΟΛΕΤΑ";228
"ΕΛΕΥΘΕΡΙΟΣ";223
"ΦΑΝΗ";219
"ΦΩΤΙΟΣ";204
"ΓΡΗΓΟΡΙΟΣ";196
"ΕΥΣΤΑΘΙΑ";190
"ΣΤΑΜΑΤΙΑ";190
"ΚΩΝΣΤΑΝΤΙΑ";189
"ΝΙΚΟΛΕΤΤΑ";184
"ΣΟΥΛΤΑΝΑ";182
"ΑΓΓΕΛΟΣ";180
"ΑΜΑΛΙΑ";180
"ΣΤΕΛΛΑ";172
"ΧΡΥΣΗ";172
"ΔΙΟΝΥΣΙΟΣ";171
"ΑΣΠΑΣΙΑ";168
"ΜΑΡΘΑ";167
"ΕΥΔΟΚΙΑ";165
"ΑΝΤΙΓΟΝΗ";157
"ΑΡΕΤΗ";156
"ΠΑΥΛΟΣ";150
"ΚΩΝΣΤΑΝΤΙΝΙΑ";149
"ΠΑΝΤΕΛΗΣ";149
"ΑΣΗΜΙΝΑ";147
"ΙΟΥΛΙΑ";142
"ΕΥΔΟΞΙΑ";141
"ΟΛΥΜΠΙΑ";137
"ΔΙΟΝΥΣΙΑ";134
"ΕΥΘΥΜΙΟΣ";134
"ΕΥΣΤΑΘΙΟΣ";132
"ΚΥΡΙΑΚΟΣ";131
"ΑΡΙΣΤΕΙΔΗΣ";130
"ΛΑΜΠΡΟΣ";129
"ΕΛΠΙΔΑ";128
"ΛΕΩΝΙΔΑΣ";128
"ΕΥΣΤΡΑΤΙΟΣ";126
"ΑΝΔΡΟΝΙΚΗ";125
"ΜΑΡΙΟΣ";122
"ΑΛΕΞΙΑ";119
"ΑΝΘΟΥΛΑ";117
"ΕΥΘΑΛΙΑ";117
"ΒΙΚΤΩΡΙΑ";116
"ΤΡΙΑΝΤΑΦΥΛΛΙΑ";115
"ΑΓΛΑΪΑ";112
"ΝΕΚΤΑΡΙΑ";107
"ΠΑΡΘΕΝΑ";107
"ΑΝΔΡΟΜΑΧΗ";104
"ΑΡΙΣΤΕΑ";102
"ΗΛΙΑΝΑ";102
"ΛΑΖΑΡΟΣ";102
"ΓΕΡΑΣΙΜΟΣ";101
"ΑΧΙΛΛΕΑΣ";100
"ΣΤΕΡΓΙΟΣ";99
"ΓΛΥΚΕΡΙΑ";98
"ΔΑΦΝΗ";97
"ΕΛΛΗ";93
"ΙΦΙΓΕΝΕΙΑ";93
"ΑΝΘΗ";91
"ΖΑΧΑΡΟΥΛΑ";89
"ΑΝΔΡΙΑΝΑ";86
"ΑΡΓΥΡΙΟΣ";86
"ΘΩΜΑΗ";86
"ΣΑΒΒΑΣ";85
"ΑΡΤΕΜΙΣ";83
"ΣΤΑΜΑΤΙΟΣ";83
"ΣΤΕΦΑΝΙΑ";83
"ΝΕΚΤΑΡΙΟΣ";81
"ΒΑΣΙΛΕΙΑ";79
"ΣΤΕΡΓΙΑΝΗ";78
"ΑΛΙΚΗ";77
"ΜΕΛΠΟΜΕΝΗ";77
"ΑΙΜΙΛΙΑ";76
"ΒΙΡΓΙΝΙΑ";75
"ΣΕΒΑΣΤΗ";74
"ΠΕΛΑΓΙΑ";73
"ΕΥΜΟΡΦΙΑ";72
"ΝΙΚΟΛΙΤΣΑ";72
"ΠΑΓΩΝΑ";72
"ΚΛΕΟΠΑΤΡΑ";71
"ΠΑΣΧΑΛΗΣ";70
"ΑΛΕΞΙΟΣ";69
"ΑΓΑΘΗ";68
"ΕΥΣΤΡΑΤΙΑ";68
"ΘΕΟΦΑΝΗΣ";68
"ΛΕΜΟΝΙΑ";68
"ΠΑΡΑΣΚΕΥΑΣ";68
"ΧΡΙΣΤΟΦΟΡΟΣ";68
"ΛΟΥΚΙΑ";67
"ΜΙΛΤΙΑΔΗΣ";65
"ΝΑΤΑΛΙΑ";65
"ΠΕΡΙΚΛΗΣ";65
"ΣΤΑΜΑΤΙΝΑ";65
"ΦΙΛΙΠΠΟΣ";64
"ΑΠΟΣΤΟΛΙΑ";63
"ΔΗΜΟΣΘΕΝΗΣ";1
"ΧΑΡΙΛΑΟΣ";62
"ΘΕΟΔΟΣΙΑ";60
"ΠΑΣΧΑΛΙΑ";60
"ΑΡΓΥΡΗ";59
"ΑΣΤΕΡΙΟΣ";59
"ΑΓΑΠΗ";58
"ΘΕΑΝΩ";58
"ΑΡΙΣΤΟΤΕΛΗΣ";57
"ΣΩΚΡΑΤΗΣ";57
"ΧΑΡΑΛΑΜΠΙΑ";57
"ΕΛΠΙΝΙΚΗ";56
"ΚΑΛΛΙΡΡΟΗ";56
"ΓΑΡΥΦΑΛΛΙΑ";55
"ΔΑΝΑΗ";55
"ΖΗΣΗΣ";55
"ΜΑΡΚΟΣ";55
"ΜΥΡΤΩ";55
"ΞΑΝΘΗ";54
"ΘΕΟΧΑΡΗΣ";53
"ΠΑΝΩΡΑΙΑ";53
"ΑΓΟΡΙΤΣΑ";52
"ΗΡΑΚΛΗΣ";51
"ΧΡΙΣΤΙΑΝΑ";51
"ΑΝΔΡΙΑΝΗ";50
"ΕΜΜΑΝΟΥΕΛΑ";50
"ΖΑΧΑΡΙΑΣ";50
"ΙΟΡΔΑΝΗΣ";50
"ΧΡΥΣΑ";50
"ΑΓΝΗ";49
"ΓΑΡΥΦΑΛΙΑ";49
"ΕΥΤΕΡΠΗ";49
"ΛΟΥΚΑΣ";47
"ΧΡΥΣΟΒΑΛΑΝΤΗΣ";47
"ΘΕΜΙΣΤΟΚΛΗΣ";46
"ΠΑΣΧΑΛΙΝΑ";46
"ΠΕΤΡΟΥΛΑ";46
"ΒΑΪΟΣ";45
"ΚΟΣΜΑΣ";45
"ΧΡΥΣΑΥΓΗ";45
"ΧΑΡΟΥΛΑ";44
"ΑΚΡΙΒΗ";43
"ΕΠΑΜΕΙΝΩΝΔΑΣ";43
"ΘΑΛΕΙΑ";42
"ΧΑΪΔΩ";42
"ΧΡΥΣΟΒΑΛΑΝΤΟΥ";42
"ΔΩΡΟΘΕΑ";40
"ΕΥΑΓΓΕΛΗ";40
"ΖΗΝΟΒΙΑ";39
"ΚΛΕΟΝΙΚΗ";39
"ΣΕΡΑΦΕΙΜ";39
"ΑΡΙΑΔΝΗ";38
"ΑΣΗΜΕΝΙΑ";38
"ΘΕΟΦΙΛΟΣ";38
"ΘΕΩΝΗ";38
"ΠΕΡΣΕΦΟΝΗ";38
"ΦΛΩΡΑ";38
"ΧΡΥΣΟΣΤΟΜΟΣ";38
"ΑΝΕΣΤΗΣ";37
"ΑΡΓΥΡΟΥΛΑ";37
"ΚΑΣΣΙΑΝΗ";37
"ΑΝΑΤΟΛΗ";36
"ΜΗΝΑΣ";36
"ΣΥΜΕΩΝ";36
"ΒΕΝΕΤΙΑ";35
"ΒΙΟΛΕΤΤΑ";35
"ΕΡΑΣΜΙΑ";35
"ΜΑΤΘΑΙΟΣ";35
"ΞΑΝΘΙΠΠΗ";35
"ΑΓΓΕΛΑ";34
"ΔΙΑΜΑΝΤΩ";34
"ΙΣΜΗΝΗ";34
"ΙΩΣΗΦ";34
"ΚΛΕΙΩ";34
"ΜΕΡΟΠΗ";34
"ΠΡΟΔΡΟΜΟΣ";34
"ΜΑΛΑΜΑΤΗ";33
"ΤΡΙΑΝΤΑΦΥΛΛΟΣ";33
"ΧΡΙΣΤΟΔΟΥΛΟΣ";33
"ΔΙΑΜΑΝΤΗΣ";17
"ΙΑΚΩΒΟΣ";32
"ΜΑΡΙΛΕΝΑ";32
"ΒΑΓΙΑ";31
"ΕΡΜΙΟΝΗ";31
"ΠΑΥΛΙΝΑ";31
"ΣΑΡΑ";31
"ΜΕΤΑΞΙΑ";30
"ΝΑΥΣΙΚΑ";30
"ΞΕΝΟΦΩΝ";30
"ΤΡΥΦΩΝ";30
"ΔΗΜΟΣ";93
"ΕΥΡΥΔΙΚΗ";29
"ΛΕΥΚΟΘΕΑ";29
"ΜΥΡΣΙΝΗ";29
"ΑΡΧΟΝΤΟΥΛΑ";28
"ΓΡΗΓΟΡΙΑ";28
"ΖΑΧΑΡΕΝΙΑ";28
"ΗΛΕΚΤΡΑ";28
"ΕΥΦΗΜΙΑ";27
"ΘΕΟΔΟΣΙΟΣ";27
"ΚΑΝΕΛΛΑ";27
"ΜΑΤΙΝΑ";27
"ΠΟΛΥΧΡΟΝΗΣ";27
"ΡΕΒΕΚΚΑ";27
"ΧΑΡΙΣ";27
"ΑΛΚΙΒΙΑΔΗΣ";26
"ΜΑΡΚΕΛΛΑ";26
"ΟΔΥΣΣΕΑΣ";26
"ΣΥΜΕΛΑ";26
"ΕΥΑ";25
"ΕΥΛΑΜΠΙΑ";25
"ΕΥΡΙΠΙΔΗΣ";25
"ΘΕΟΠΙΣΤΗ";25
"ΜΕΛΙΝΑ";25
"ΠΕΡΙΣΤΕΡΑ";25
"ΣΜΑΡΑΓΔΑ";25
"ΣΜΑΡΩ";25
"ΑΡΧΟΝΤΙΑ";24
"ΘΕΟΦΑΝΗ";24
"ΛΥΔΙΑ";24
"ΜΑΡΙΕΤΤΑ";24
"ΧΑΡΑ";24
"ΧΡΥΣΟΒΑΛΑΝΤΩ";15
"ΔΑΜΙΑΝΟΣ";23
"ΔΟΜΝΑ";23
"ΕΛΕΑΝΑ";23
"ΛΟΥΪΖΑ";23
"ΜΑΡΙΝΟΣ";23
"ΣΟΝΙΑ";23
"ΕΥΠΡΑΞΙΑ";22
"ΚΡΥΣΤΑΛΛΙΑ";22
"ΜΑΡΙΚΑ";22
"ΚΛΕΑΝΘΗ";21
"ΚΟΡΝΗΛΙΑ";21
"ΟΡΕΣΤΗΣ";21
"ΡΟΔΑΝΘΗ";21
"ΗΡΩ";20
"ΚΩΣΤΟΥΛΑ";20
"ΑΒΡΑΑΜ";19
"ΕΛΕΝΑ";19
"ΜΕΝΕΛΑΟΣ";19
"ΝΙΚΗΤΑΣ";19
"ΠΑΝΑΓΟΥΛΑ";19
"ΒΛΑΣΙΟΣ";18
"ΓΡΑΜΜΑΤΙΚΗ";18
"ΕΥΡΙΔΙΚΗ";18
"ΙΣΙΔΩΡΑ";18
"ΤΑΤΙΑΝΗ";18
"ΑΝΝΕΤΑ";17
"ΓΑΒΡΙΗΛ";17
"ΖΑΦΕΙΡΙΑ";17
"ΗΡΑ";17
"ΚΡΥΣΤΑΛΛΕΝΙΑ";17
"ΜΑΙΡΗ";17
"ΝΙΚΟΛΙΝΑ";17
"ΞΑΝΘΟΥΛΑ";17
"ΠΑΡΘΕΝΟΠΗ";17
"ΣΤΑΜΑΤΟΥΛΑ";17
"ΣΥΛΒΙΑ";17
"ΤΑΤΙΑΝΑ";17
"ΤΗΛΕΜΑΧΟΣ";17
"ΤΡΙΑΔΑ";17
"ΑΝΑΡΓΥΡΟΣ";16
"ΓΑΛΑΤΕΙΑ";16
"ΓΕΣΘΗΜΑΝΗ";16
"ΕΥΣΕΒΙΑ";16
"ΘΩΜΑΪΣ";16
"ΙΟΡΔΑΝΑ";16
"ΚΛΕΑΝΘΗΣ";16
"ΛΗΔΑ";16
"ΜΑΛΑΜΑΤΕΝΙΑ";16
"ΡΕΓΓΙΝΑ";16
"ΡΩΞΑΝΗ";16
"ΑΛΚΜΗΝΗ";15
"ΗΛΙΑΝΝΑ";15
"ΙΣΙΔΩΡΟΣ";15
"ΜΕΡΣΙΝΗ";15
"ΝΙΝΑ";15
"ΠΗΓΗ";15
"ΠΟΛΥΤΙΜΗ";15
"ΡΟΥΜΠΙΝΗ";15
"ΦΡΕΙΔΕΡΙΚΗ";15
"ΑΓΟΡΗ";14
"ΒΑΪΤΣΑ";14
"ΒΗΣΣΑΡΙΩΝ";14
"ΕΛΕΑΝΝΑ";14
"ΕΛΕΟΝΩΡΑ";14
"ΘΕΟΠΟΥΛΑ";14
"ΘΕΟΦΑΝΙΑ";14
"ΙΩΑΚΕΙΜ";14
"ΜΑΚΡΙΝΑ";14
"ΜΙΧΑΕΛΑ";14
"ΝΙΚΟΛΙΑ";14
"ΠΑΡΙΣ";14
"ΠΟΛΥΜΝΙΑ";14
"ΠΡΟΚΟΠΙΟΣ";14
"ΣΟΦΟΚΛΗΣ";14
"ΤΣΑΜΠΙΚΑ";14
"ΦΑΙΔΡΑ";14
"ΑΡΗΣ";13
"ΑΡΤΕΜΗΣΙΑ";13
"ΓΙΑΣΕΜΗ";13
"ΓΚΟΛΦΩ";13
"ΖΑΦΕΙΡΩ";13
"ΘΕΟΦΑΝΩ";13
"ΚΑΛΟΜΟΙΡΑ";13
"ΚΑΛΥΨΩ";13
"ΚΕΡΑΣΙΑ";13
"ΜΑΛΑΜΑ";13
"ΝΑΤΑΣΑ";13
"ΦΕΒΡΩΝΙΑ";13
"ΑΙΚΑΤΕΡΙΝΑ";12
"ΑΡΙΣΤΟΜΕΝΗΣ";12
"ΒΑΛΑΣΙΑ";12
"ΒΑΛΕΝΤΙΝΑ";12
"ΓΑΛΗΝΗ";12
"ΕΥΡΩΠΗ";12
"ΖΑΦΕΙΡΟΥΛΑ";12
"ΖΑΧΑΡΩ";12
"ΖΩΓΡΑΦΙΑ";12
"ΙΓΝΑΤΙΟΣ";12
"ΜΑΡΙ";12
"ΦΙΛΙΤΣΑ";12
"ΑΔΑΜ";116
"ΑΥΓΗ";11
"ΒΑΛΕΝΤΙΝΗ";11
"ΒΕΑΤΡΙΚΗ";11
"ΒΙΚΤΩΡ";11
"ΓΕΡΑΣΙΜΟΥΛΑ";11
"ΕΥΓΕΝΙΟΣ";11
"ΚΟΝΔΥΛΙΑ";11
"ΚΟΡΙΝΑ";11
"ΝΑΠΟΛΕΩΝ";11
"ΣΜΑΡΑΓΔΗ";11
"ΣΟΥΜΕΛΑ";11
"ΧΡΙΣΤΙΑΝΝΑ";11
"ΑΓΑΜΕΜΝΩΝ";10
"ΑΓΗΣΙΛΑΟΣ";10
"ΑΛΚΗΣΤΙΣ";10
"ΑΡΧΟΝΤΩ";10
"ΑΣΗΜΩ";10
"ΒΕΡΑ";10
"ΒΗΘΛΕΕΜ";10
"ΓΕΝΟΒΕΦΑ";10
"ΓΡΑΜΜΑΤΗ";10
"ΔΙΑΜΑΝΤΟΥΛΑ";10
"ΕΡΙΦΥΛΗ";10
"ΗΣΑΪΑ";10
"ΘΕΟΛΟΓΙΑ";10
"ΘΕΟΧΑΡΟΥΛΑ";10
"ΜΕΛΑΝΙΑ";10
"ΜΥΡΟΦΟΡΑ";10
"ΠΑΝΔΩΡΑ";10
"ΡΟΔΗ";10
"ΡΟΖΑΛΙΑ";10
"ΣΕΒΑΣΤΙΑ";10
"ΣΙΔΕΡΗ";10
"ΣΤΑΜΑΤΙΚΗ";10
"ΤΑΞΙΑΡΧΟΥΛΑ";10
"ΤΡΙΣΕΥΓΕΝΗ";10
"ΑΝΤΙΟΠΗ";9
"ΑΡΙΣΤΟΥΛΑ";9
"ΑΣΗΜΑΚΗΣ";9
"ΔΗΜΗΤΡΙΑ";9
"ΕΡΑΤΩ";9
"ΖΑΦΕΙΡΙΟΣ";9
"ΘΡΑΣΥΒΟΥΛΟΣ";9
"ΙΑΣΩΝ";9
"ΙΣΑΑΚ";9
"ΚΡΥΣΤΑΛΙΑ";9
"ΚΡΥΣΤΑΛΛΩ";9
"ΜΙΧΑΛΙΤΣΑ";9
"ΝΕΣΤΩΡ";9
"ΡΟΔΟΥΛΑ";9
"ΣΗΜΕΛΑ";9
"ΣΟΥΖΑΝΑ";9
"ΣΠΗΛΙΟΣ";9
"ΣΤΡΑΤΗΓΟΥΛΑ";9
"ΤΑΞΙΑΡΧΗΣ";9
"ΤΕΡΕΖΑ";9
"ΦΑΝΟΥΛΑ";9
"ΦΙΛΙΑ";9
"ΦΙΛΙΩ";9
"ΦΡΑΝΤΖΕΣΚΑ";9
"ΧΑΡΙΔΗΜΟΣ";9
"ΧΑΡΙΤΩΜΕΝΗ";9
"ΑΣΗΜΟΥΛΑ";8
"ΒΕΡΟΝΙΚΑ";8
"ΒΥΡΩΝ";8
"ΔΙΟΓΕΝΗΣ";8
"ΔΡΟΣΟΥΛΑ";8
"ΖΑΜΠΙΑ";8
"ΘΕΟΛΟΓΟΣ";8
"ΘΕΟΝΥΜΦΗ";8
"ΙΠΠΟΚΡΑΤΗΣ";8
"ΚΩΝΣΤΑΝΤΟΥΛΑ";8
"ΛΑΣΚΑΡΙΝΑ";8
"ΜΑΝΘΑ";8
"ΜΑΡΟΥΛΑ";8
"ΝΑΟΥΜ";8
"ΝΕΟΦΥΤΟΣ";8
"ΝΕΡΑΝΤΖΟΥΛΑ";8
"ΝΙΚΟΛ";8
"ΠΑΝΤΕΛΙΑ";8
"ΠΟΛΥΒΙΟΣ";8
"ΠΟΛΥΚΑΡΠΟΣ";8
"ΡΗΓΑΣ";8
"ΣΑΒΒΟΥΛΑ";8
"ΣΩΣΑΝΝΑ";8
"ΦΙΛΟΜΗΛΑ";8
"ΦΡΑΓΚΙΣΚΟΣ";8
"ΧΡΙΣΤΙΝΗ";8
"ΑΝΔΡΕΑΝΑ";7
"ΑΝΘΙΜΟΣ";7
"ΒΑΣΩ";7
"ΒΕΡΟΝΙΚΗ";7
"ΓΕΡΑΚΙΝΑ";7
"ΔΙΑΜΑΝΤΙΝΑ";7
"ΔΟΜΝΙΚΗ";7
"ΕΛΕΩΝΟΡΑ";7
"ΕΛΛΑΔΑ";7
"ΕΥΧΑΡΙΣ";7
"ΘΕΟΦΑΝΕΙΑ";7
"ΙΛΙΑΝΑ";7
"ΚΑΣΣΑΝΔΡΑ";7
"ΚΥΡΑ";7
"ΛΕΥΚΗ";7
"ΛΥΓΕΡΗ";7
"ΜΑΡΓΑΡΙΤΗΣ";7
"ΜΑΡΙΓΩ";7
"ΜΕΛΕΤΙΟΣ";7
"ΜΥΡΩΝ";7
"ΝΙΟΒΗ";7
"ΠΑΝΑΓΙΟΥΛΑ";7
"ΠΑΡΑΣΧΟΣ";7
"ΡΑΧΗΛ";7
"ΡΟΖΑ";7
"ΣΙΜΕΛΑ";7
"ΣΙΜΩΝ";7
"ΣΥΡΜΩ";7
"ΤΕΡΨΙΘΕΑ";7
"ΦΙΛΟΜΕΝΗ";7
"ΧΑΡΙΤΩ";7
"ΑΓΓΕΛΙΝΑ";6
"ΑΝΘΙΑ";6
"ΑΠΟΣΤΟΛΙΝΑ";6
"ΒΗΣΣΑΡΙΑ";6
"ΓΙΟΛΑΝΤΑ";6
"ΔΙΑΛΕΧΤΗ";6
"ΔΡΟΣΙΑ";6
"ΕΙΡΗΝΑΙΟΣ";6
"ΕΛΙΖΑ";6
"ΕΡΣΗ";6
"ΕΥΤΥΧΙΟΣ";6
"ΖΗΣΙΜΟΣ";6
"ΖΩΓΡΑΦΩ";6
"ΙΛΙΑΔΑ";6
"ΙΡΙΣ";6
"ΚΑΡΟΛΙΝΑ";6
"ΚΙΜΩΝ";6
"ΚΛΑΙΡΗ";6
"ΚΟΡΑΛΙΑ";6
"ΚΡΙΣΤΙ";6
"ΚΡΥΣΤΑΛΛΗ";6
"ΛΑΟΥΡΑ";6
"ΛΕΛΟΥΔΑ";6
"ΛΗΤΩ";6
"ΛΥΚΟΥΡΓΟΣ";6
"ΜΑΡΟΥΣΑ";6
"ΜΗΛΙΑ";6
"ΠΑΡΕΣΑ";6
"ΠΑΡΘΕΝΙΑ";6
"ΠΑΤΡΑ";6
"ΠΑΤΡΟΥΛΑ";6
"ΡΟΔΙΑ";6
"ΣΑΠΦΩ";6
"ΣΕΡΓΙΟΣ";6
"ΣΟΥΣΑΝΑ";6
"ΣΤΑΜΑΤΑ";6
"ΣΥΝΟΔΗ";6
"ΤΙΜΟΛΕΩΝ";6
"ΦΙΛΑΡΕΤΗ";6
"ΦΙΛΟΘΕΗ";6
"ΦΛΩΡΕΝΤΙΑ";6
"ΧΑΡΙΤΙΝΗ";6
"ΩΡΑΙΟΖΗΛΗ";6
"ΑΙΜΙΛΙΟΣ";5
"ΑΛΚΙΝΟΗ";5
"ΑΜΥΓΔΑΛΙΑ";5
"ΑΝΔΡΟΝΙΚΟΣ";5
"ΑΝΘΙΠΠΗ";5
"ΑΡΙΣΤΟΓΕΙΤΩΝ";5
"ΑΡΣΕΝΙΟΣ";5
"ΑΣΤΕΡΙΑ";5
"ΒΕΛΙΣΣΑΡΙΑ";5
"ΒΙΛΕΛΜΙΝΗ";5
"ΔΑΝΙΗΛ";5
"ΕΚΤΩΡ";5
"ΕΛΒΙΡΑ";5
"ΕΡΙΦΙΛΗ";5
"ΕΡΜΙΝΑ";5
"ΕΥΛΑΛΙΑ";5
"ΕΥΜΟΡΦΙΛΗ";5
"ΕΥΡΥΚΛΕΙΑ";5
"ΕΦΗ";5
"ΖΑΦΕΙΡΑ";5
"ΖΗΝΩΝ";5
"ΘΕΚΛΑ";5
"ΘΕΟΓΝΩΣΙΑ";5
"ΘΕΟΔΟΤΑ";5
"ΘΕΟΚΛΗΤΟΣ";5
"ΚΛΕΑΡΧΟΣ";5
"ΚΛΕΟΜΕΝΗΣ";5
"ΚΛΗΜΗΣ";5
"ΚΥΒΕΛΗ";5
"ΜΑΝΟΥΕΛΑ";5
"ΜΑΝΟΥΣΟΣ";5
"ΜΑΝΩΛΙΑ";5
"ΜΟΣΧΟΥΛΑ";5
"ΞΕΝΗ";5
"ΠΑΝΤΕΛΙΤΣΑ";5
"ΠΙΠΙΝΑ";5
"ΠΟΛΥΧΡΟΝΙΑ";5
"ΠΟΥΛΧΕΡΙΑ";5
"ΡΕΑ";5
"ΡΟΖΙΝΑ";5
"ΣΟΛΩΝ";5
"ΤΕΡΨΙΧΟΡΗ";5
"ΤΙΜΟΘΕΟΣ";5
"ΥΠΑΠΑΝΤΗ";5
"ΦΑΝΟΥΡΙΟΣ";5
"ΦΙΛΑΝΘΗ";5
"ΦΟΙΒΗ";5
"ΧΡΥΣΑΦΩ";5
"ΑΓΑΘΟΚΛΗΣ";4
"ΑΓΑΘΟΝΙΚΗ";4
"ΑΓΑΠΙΟΣ";4
"ΑΛΕΚΑ";4
"ΑΝΔΡΕΑΝΝΑ";4
"ΑΦΕΝΔΡΑ";4
"ΑΦΕΝΤΟΥΛΑ";4
"ΒΛΑΣΙΑ";4
"ΓΕΡΑΣΙΜΙΝΑ";4
"ΔΑΝΙΕΛΑ";4
"ΔΑΥΪΔ";4
"ΔΕΣΠΩ";4
"ΔΙΑΝΑ";4
"ΔΟΞΑ";4
"ΕΛΙΝΑ";4
"ΕΠΙΣΤΗΜΗ";4
"ΕΡΙΦΥΛΛΗ";4
"ΕΡΩΦΙΛΗ";4
"ΕΥΡΙΚΛΕΙΑ";4
"ΕΥΣΕΒΕΙΑ";4
"ΖΑΜΠΕΤΑ";4
"ΖΟΥΜΠΟΥΛΙΑ";4
"ΘΕΛΞΙΟΠΗ";4
"ΘΕΜΙΣ";4
"ΘΕΟΔΟΥΛΑ";4
"ΘΕΟΦΙΛΗ";4
"ΘΕΟΦΥΛΑΚΤΟΣ";4
"ΙΑΝΘΗ";4
"ΙΟΚΑΣΤΗ";4
"ΙΠΠΟΛΥΤΗ";4
"ΙΣΑΒΕΛΛΑ";4
"ΚΑΙΤΗ";4
"ΚΑΛΗ";4
"ΚΕΡΑΣΑ";4
"ΚΕΡΑΣΙΝΑ";4
"ΚΟΡΙΝΝΑ";4
"ΚΟΡΝΗΛΙΟΣ";4
"ΚΥΠΑΡΙΣΣΙΑ";4
"ΚΥΡΙΑΖΗΣ";4
"ΜΑΛΑΜΩ";4
"ΜΑΛΒΙΝΑ";4
"ΜΑΡΙΓΟΥΛΑ";4
"ΜΑΥΡΕΤΑ";4
"ΜΑΥΡΟΥΔΗΣ";4
"ΜΕΛΑΧΡΟΙΝΗ";4
"ΜΕΡΣΙΝΑ";4
"ΜΗΝΑ";4
"ΜΙΝΑ";4
"ΜΟΡΦΟΥΛΑ";4
"ΝΕΟΚΛΗΣ";4
"ΝΕΦΕΛΗ";4
"ΝΤΙΑΝΑ";4
"ΞΕΝΙΑ";4
"ΟΘΩΝ";4
"ΟΝΟΥΦΡΙΟΣ";4
"ΟΡΣΑΛΙΑ";4
"ΟΣΙΑ";4
"ΠΑΝΤΑΖΗΣ";4
"ΠΟΥΛΙΑ";4
"ΠΡΕΣΒΕΙΑ";4
"ΠΩΛΙΝΑ";4
"ΡΑΛΛΟΥ";4
"ΡΙΖΟΣ";4
"ΡΟΔΟΠΗ";4
"ΣΑΒΒΑΤΟΥΛΑ";4
"ΣΙΝΑΝ";4
"ΣΜΑΡΟΥΛΑ";4
"ΣΤΑΜΟΥΛΗΣ";4
"ΣΤΑΜΩ";4
"ΣΥΡΜΑΤΕΝΙΑ";4
"ΤΡΑΪΑΝΗ";4
"ΤΡΙΑΝΤΑΦΥΛΛΗ";4
"ΦΕΡΕΝΙΚΗ";4
"ΦΙΛΗΜΩΝ";4
"ΦΙΛΙΠΠΙΑ";4
"ΦΩΤΕΙΝΟΣ";4
"ΦΩΤΟΥΛΑ";4
"ΧΑΜΑΪΔΗ";4
"ΧΙΟΝΑ";4
"ΧΙΟΝΙΑ";4
"ΧΡΙΣΤΟΥΛΑ";4
"ΑΓΑΘΟΥΛΑ";3
"ΑΓΓΕΛΗΣ";3
"ΑΓΓΕΛΙΚΟΥΛΑ";3
"ΑΛΒΕΡΤΟΣ";3
"ΑΜΦΙΤΡΙΤΗ";3
"ΑΝΔΡΟΚΛΗΣ";3
"ΑΝΔΡΟΥΛΑ";3
"ΑΝΕΤΑ";3
"ΑΝΝΗ";3
"ΑΝΤΖΕΛΑ";3
"ΑΝΤΡΙΑΝΑ";3
"ΑΡΙΣΤΗ";3
"ΑΡΣΕΝΙΑ";3
"ΑΡΣΙΝΟΗ";3
"ΑΡΤΕΜΙΟΣ";3
"ΑΣΤΕΡΩ";3
"ΑΣΤΡΙΝΟΣ";3
"ΑΤΑΛΑΝΤΗ";3
"ΑΥΓΕΡΙΝΟΣ";3
"ΑΥΡΑ";3
"ΒΑΛΣΑΜΗΣ";3
"ΒΑΣΟΥΛΑ";3
"ΒΕΛΟΥΔΩ";3
"ΒΙΚΥ";3
"ΒΛΑΔΙΜΗΡΟΣ";3
"ΓΕΡΑΣΙΜΙΑ";3
"ΓΙΟΥΛΑ";3
"ΓΡΑΜΜΑΤΟΥΛΑ";3
"ΔΗΜΟΚΡΙΤΟΣ";3
"ΔΙΚΑΙΑ";3
"ΔΟΥΚΙΣΣΑ";3
"ΕΛΙΑ";3
"ΕΜΟΡΦΙΛΗ";3
"ΕΡΜΟΛΑΟΣ";3
"ΕΡΡΙΚΟΣ";3
"ΕΥΛΑΒΙΑ";3
"ΕΥΦΡΑΞΙΑ";3
"ΖΑΝΝΗΣ";3
"ΘΕΟΔΟΤΗ";3
"ΘΕΟΔΟΥΛΗ";3
"ΘΕΟΝΙΤΣΑ";3
"ΘΕΟΧΑΡΗ";3
"ΘΗΡΕΣΙΑ";3
"ΙΓΝΑΤΙΑ";3
"ΙΛΕΑΝΑ";3
"ΙΟΥΛΙΟΣ";3
"ΙΩΝ";3
"ΚΑΔΙΑΝΗ";3
"ΚΑΘΟΛΙΚΗ";3
"ΚΑΛΟΥΔΑ";3
"ΚΑΤΙΝΑ";3
"ΚΕΡΑΣΟΥΛΑ";3
"ΚΟΝΔΥΛΕΝΙΑ";3
"ΚΥΡΑΤΣΩ";3
"ΚΩΝΣΤΑΝΤΙΝΗ";3
"ΛΑΥΡΕΝΤΙΑ";3
"ΛΑΥΡΕΝΤΙΟΣ";3
"ΜΑΥΡΑ";3
"ΜΕΛΑΝΘΙΑ";3
"ΜΕΝΕΞΙΑ";3
"ΜΕΤΑΞΕΝΙΑ";3
"ΜΗΤΡΟΔΩΡΑ";3
"ΜΙΚΑΕΛΑ";3
"ΜΙΧΑΛΙΑ";3
"ΜΟΝΙΚΑ";3
"ΜΟΣΧΟΣ";3
"ΜΩΥΣΗΣ";3
"ΝΙΚΟΔΗΜΟΣ";3
"ΞΑΚΟΥΣΤΗ";3
"ΟΜΟΡΦΟΥΛΑ";3
"ΠΑΝΑΓΙΩ";3
"ΠΕΛΟΠΙΔΑΣ";3
"ΠΛΟΥΜΙΣΤΗ";3
"ΠΟΛΥΖΩΗΣ";3
"ΡΑΦΑΕΛΑ";3
"ΡΑΦΑΗΛ";3
"ΡΟΔΑΜΑΝΘΗ";3
"ΡΟΖΑΝΝΑ";3
"ΡΟΪΔΩ";3
"ΣΑΒΒΑΤΩ";3
"ΣΕΒΑΣΜΙΑ";3
"ΣΕΛΗΝΗ";3
"ΣΙΛΒΕΣΤΡΟΣ";3
"ΣΤΑΜΑΤΕΛΛΑ";3
"ΣΤΑΥΡΙΤΣΑ";3
"ΣΤΕΡΓΙΑΝΝΗ";3
"ΣΥΡΜΟΥΛΑ";3
"ΤΑΝΙΑ";3
"ΤΖΟΓΙΑ";3
"ΤΙΤΙΚΑ";3
"ΤΟΥΛΑ";3
"ΥΠΑΤΙΑ";3
"ΦΛΩΡΙΝΑ";3
"ΦΟΙΒΟΣ";3
"ΦΡΑΝΤΖΕΣΚΟΣ";3
"ΦΩΚΙΩΝ";3
"ΧΑΡΗΣ";3
"ΧΡΙΣΤΟΔΟΥΛΑ";3
"ΧΡΥΣΟΣΤΟΜΗ";3
"ΧΡΥΣΩ";3
"ΑΒΕΡΚΙΟΣ";2
"ΑΓΟΡΑΣΤΗ";2
"ΑΓΟΡΟΥΛΑ";2
"ΑΔΕΛΑΪΔΑ";2
"ΑΔΡΙΑΝΟΣ";2
"ΑΘΗΝΟΔΩΡΟΣ";2
"ΑΘΗΝΟΥΛΑ";2
"ΑΙΓΛΗ";2
"ΑΚΡΙΒΟΥΛΑ";2
"ΑΛΚΗΣ";2
"ΑΛΚΙΝΟΟΣ";2
"ΑΛΚΙΣΤΗ";2
"ΑΛΤΑΝΗ";2
"ΑΜΑΡΥΛΛΙΣ";2
"ΑΝΑΣΤΑ";2
"ΑΝΔΡΙΑΝΝΑ";2
"ΑΝΔΡΙΑΝΟΣ";2
"ΑΝΕΖΑ";2
"ΑΝΙΤΑ";2
"ΑΝΝΙΤΑ";2
"ΑΝΤΡΕΑ";2
"ΑΝΤΩΝΙΝΑ";2
"ΑΝΥΣΙΑ";2
"ΑΠΟΛΛΩΝ";2
"ΑΡΓΥΡΙΑ";2
"ΑΡΙΑΝ";2
"ΑΡΙΣΤΟΣ";2
"ΑΡΙΣΤΟΦΑΝΗΣ";2
"ΑΡΧΙΜΗΔΗΣ";2
"ΑΡΧΟΝΤΗ";2
"ΑΡΧΟΝΤΙΣΣΑ";2
"ΑΣΗΜΕΝΗ";2
"ΑΣΤΡΙΝΙΑ";2
"ΑΥΓΟΥΣΤΙΝΑ";2
"ΑΥΓΟΥΣΤΙΝΗ";2
"ΑΥΓΟΥΣΤΙΝΟΣ";2
"ΑΦΘΟΝΙΑ";2
"ΑΧΜΕΤ";2
"ΒΑΓΙΟΥΛΑ";2
"ΒΑΚΙΝΑ";2
"ΒΑΛΑΝΤΗΣ";2
"ΒΑΛΕΝΤΙΝΟΣ";2
"ΒΕΛΙΣΣΑΡΙΟΣ";2
"ΒΕΝΕΤΑ";2
"ΒΕΝΕΤΤΑ";2
"ΒΕΝΙΑΜΙΝ";2
"ΒΕΡΓΟΣ";2
"ΒΗΣΣΑΡΙΟΣ";2
"ΒΙΚΕΝΤΙΑ";2
"ΓΑΡΟΥΦΑΛΙΑ";2
"ΓΕΡΑΣΙΜΗ";2
"ΓΟΥΛΙΕΛΜΟΣ";2
"ΓΡΑΜΜΑΤΙΑ";2
"ΔΗΜΟΥΛΑ";2
"ΔΙΑΛΕΚΤΗ";2
"ΔΙΑΜΑΝΤΗ";2
"ΔΙΟΜΗ";2
"ΔΟΜΗΝΙΚΗ";2
"ΔΟΝΑΤΟΣ";2
"ΔΡΟΣΟΣ";2
"ΕΔΟΥΑΡΔΟΣ";2
"ΕΛΙΣΣΑΙΟΣ";2
"ΕΜΜΕΛΕΙΑ";2
"ΕΜΟΡΦΙΑ";2
"ΕΡΗ";2
"ΕΡΡΙΚΑ";2
"ΕΥΒΟΙΑ";2
"ΕΥΔΟΞΙΟΣ";2
"ΕΥΘΑΛΕΙΑ";2
"ΕΥΚΛΕΙΑ";2
"ΖΑΪΡΑ";2
"ΖΑΚΕΛΙΝΑ";2
"ΖΑΚΛΙΝ";2
"ΖΑΡΙΦΗΣ";2
"ΗΒΗ";2
"ΗΛΙΑ";2
"ΗΛΙΑΔΑ";2
"ΗΛΙΑΝΗ";2
"ΘΕΟΔΩΡΟΥΛΑ";2
"ΘΕΟΚΛΕΙΑ";2
"ΘΕΟΚΤΙΣΤΗ";2
"ΘΕΟΝΙΑ";2
"ΘΕΟΧΑΡΙΣ";2
"ΘΕΣΣΑΛΟΝΙΚΗ";2
"ΘΙΣΒΗ";2
"ΘΩΜΗ";2
"ΙΒΕΛΙΝΑ";2
"ΙΕΡΟΘΕΟΣ";2
"ΙΚΑΡΟΣ";2
"ΙΟΥΛΙΤΤΑ";2
"ΚΑΛΛΙΑΝΘΗ";2
"ΚΑΛΛΙΝΑ";2
"ΚΑΛΛΙΣΘΕΝΗ";2
"ΚΑΝΕΛΛΟΣ";2
"ΚΑΡΜΕΝ";2
"ΚΑΡΟΛΟΣ";2
"ΚΑΡΥΟΦΥΛΛΗΣ";2
"ΚΑΡΥΟΦΥΛΛΙΑ";2
"ΚΗΡΥΚΟΣ";2
"ΚΙΚΗ";2
"ΚΛΕΟΒΟΥΛΟΣ";2
"ΚΛΕΩΝ";2
"ΚΛΗΜΕΝΤΙΝΗ";2
"ΚΛΥΤΑΙΜΝΗΣΤΡΑ";2
"ΚΟΜΝΗΝΟΣ";2
"ΚΟΜΝΩ";2
"ΚΟΝΔΥΛΙΑ ΜΑΡΙΑ";2
"ΚΡΟΥΣΤΑΛΕΝΙΑ";2
"ΚΥΡΑΝΝΑ";2
"ΚΥΡΙΛΛΟΣ";2
"ΚΥΡΟΣ";2
"ΛΑΜΠΡΑΚΗΣ";2
"ΛΑΜΠΡΙΑΝΑ";2
"ΛΕΑΝΔΡΟΣ";2
"ΛΕΪΛΑ";2
"ΛΕΟΝΑΡΔΟΣ";2
"ΛΙΛΙΑΝΑ";2
"ΛΙΝΑ";2
"ΛΟΥΛΟΥΔΙΑ";2
"ΜΑΓΙΟΥΛΑ";2
"ΜΑΚΑΡΙΟΣ";2
"ΜΑΝΙΑ";2
"ΜΑΡΓΑΡΩ";2
"ΜΑΡΓΙΤΣΑ";2
"ΜΑΡΙΟ";2
"ΜΑΡΟΥΔΑ";2
"ΜΑΡΟΥΔΙΑ";2
"ΜΑΡΟΥΛΗ";2
"ΜΑΡΟΥΛΙΑ";2
"ΜΑΡΟΥΛΙΩ";2
"ΜΑΡΩ";2
"ΜΑΤΟΥΛΑ";2
"ΜΕΡΚΟΥΡΙΟΣ";2
"ΜΕΤΑΜΟΡΦΗ";2
"ΜΕΤΑΞΟΥΛΑ";2
"ΜΙΡΑΝΤΑ";2
"ΜΠΕΤΙΝΑ";2
"ΜΥΡΟΠΗ";2
"ΝΑΚΟΣ";2
"ΝΑΝΤΙΑ";2
"ΝΕΣΤΟΡΑΣ";2
"ΝΟΜΙΚΗ";2
"ΝΟΡΑ";2
"ΝΤΙΝΑ";2
"ΟΜΗΡΟΣ";2
"ΟΡΣΙΑ";2
"ΟΡΧΑΝ";2
"ΠΑΪΚΟΣ";2
"ΠΑΪΣΙΟΣ";2
"ΠΑΝΤΩ";2
"ΠΑΝΩΡΕΑ";2
"ΠΑΡΜΕΝΙΩΝ";2
"ΠΑΣΧΑΛΙΩ";2
"ΠΑΤΡΙΤΣΙΑ";2
"ΠΑΤΡΟΚΛΟΣ";2
"ΠΕΡΣΑ";2
"ΠΕΤΡΙΝΑ";2
"ΠΕΤΡΙΝΗ";2
"ΠΙΠΙΤΣΑ";2
"ΠΟΘΗΤΗ";2
"ΠΟΛΥΔΩΡΟΣ";2
"ΠΟΛΥΝΕΙΚΗΣ";2
"ΠΟΛΥΝΙΚΗ";2
"ΠΥΘΑΓΟΡΑΣ";2
"ΠΥΡΡΟΣ";2
"ΡΑΛΛΗΣ";2
"ΡΕΝΑ";2
"ΡΗΓΙΝΑ";2
"ΡΟΒΕΡΤΟΣ";2
"ΡΟΔΟΘΕΑ";2
"ΡΟΖΑΝΑ";2
"ΡΟΥΛΑ";2
"ΡΟΥΜΠΙΝΑ";2
"ΡΟΥΣΑ";2
"ΣΑΒΒΙΝΑ";2
"ΣΑΒΙΝΑ";2
"ΣΑΛΩΜΗ";2
"ΣΑΜΨΩΝ";2
"ΣΕΜΕΛΗ";2
"ΣΙΔΕΡΟΥΛΑ";2
"ΣΙΜΟΝΗ";2
"ΣΜΑΡΑΓΔΩ";2
"ΣΟΥΣΑΝΝΑ";2
"ΣΟΥΣΣΑΝΑ";2
"ΣΤΑΘΟΥΛΑ";2
"ΣΤΑΣΙΝΗ";2
"ΣΤΑΥΡΙΑΝΗ";2
"ΣΤΕΡΓΙΑ";2
"ΣΤΕΡΓΟΥΛΑ";2
"ΣΤΕΡΙΑΝΗ";2
"ΣΥΛΒΑΝΑ";2
"ΣΩΖΙΑ";2
"ΣΩΣΑΝΑ";2
"ΣΩΤΗΡΑ";2
"ΣΩΦΡΟΝΙΑ";2
"ΤΑΜΑΡΑ";2
"ΤΑΡΣΙΤΣΑ";2
"ΤΖΕΝΗ";2
"ΤΖΟΥΛΙΑ";2
"ΤΙΤΟΣ";2
"ΤΡΙΓΩΝΑ";2
"ΤΡΥΓΩΝΑ";2
"ΤΣΑΜΠΙΚΟΣ";2
"ΦΑΙΔΩΝ";2
"ΦΙΛΙΣΙΑ";2
"ΦΙΛΟΠΟΙΜΗΝ";2
"ΦΡΑΝΤΣΕΣΚΑ";2
"ΦΩΤΩ";2
"ΧΑΪΔΕΜΕΝΗ";2
"ΧΑΡΙΤΟΥΛΑ";2
"ΧΙΤΟΠΟΥΛΑ";2
"ΧΡΙΣΤΟΘΕΑ";2
"ΧΡΙΣΤΟΦΙΛΗ";2
"ΧΡΟΝΗΣ";2
"ΧΡΥΣΑΝΑ";2
"ΧΡΥΣΟΒΑΛΑΝΤΙΟΣ";2
"ΧΡΥΣΟΒΕΡΓΗΣ";2
"ΧΡΥΣΟΘΕΑ";2
"ΧΡΥΣΟΠΗΓΗ";2
"ΩΡΑΙΑ";2
"ΑΓΑΘΑΓΓΕΛΟΣ";1
"ΑΓΑΘΟΚΛΕΙΑ";1
"ΑΓΑΘΟΝΙΚΟΣ";1
"ΑΓΑΠΙΑ";1
"ΑΓΓΕΛΙΔΑ";1
"ΑΓΓΕΛΙΚΑ";1
"ΑΓΓΕΡΟΥΛΑ";1
"ΑΓΗΣΙΛΕΙΑ";1
"ΑΓΙΣ";1
"ΑΓΟΡΩ";1
"ΑΔΕΛΑΪΣ";1
"ΑΔΡΙΑΝΗ";1
"ΑΕΛΙΤΑ";1
"ΑΕΛΛΩ";1
"ΑΘΑΝΑΤΟΣ";1
"ΑΪΜΑΝ";1
"ΑΪΝΟΥΡ";1
"ΑΪΝΤΑ";1
"ΑΪΡΕΝΑ";1
"ΑΚΙΝΔΥΝΑ";1
"ΑΚΡΙΒΟΣ";1
"ΑΚΥΛΑΣ";1
"ΑΛΕΞΑΝΤΕΡ";1
"ΑΛΗΘΙΝΗ";1
"ΑΛΙΝΑ";1
"ΑΛΙΣ";1
"ΑΛΙΣΑ";1
"ΑΛΜΑ";1
"ΑΛΜΠΑΝΑ";1
"ΑΛΤΑΝΑ";1
"ΑΛΥΑ";1
"ΑΜΑΝΑΤΙΟΣ";1
"ΑΜΒΡΟΣΙΑ";1
"ΑΜΕΡΙΣΩ";1
"ΑΜΕΡΣΙΑ";1
"ΑΜΥΝΤΑΣ";1
"ΑΝΑΓΝΩΣΤΗΣ";1
"ΑΝΑΝΙΑΣ";1
"ΑΝΑΡΓΥΡΙΑ";1
"ΑΝΔΡΕΑΝΗ";1
"ΑΝΔΡΙΚΟΥΛΑ";1
"ΑΝΕΖΗΝΙΩ";1
"ΑΝΕΖΙΝΑ";1
"ΑΝΕΛΑ";1
"ΑΝΕΣΤΙΝΑ";1
"ΑΝΘΟΝΙΚΗ";1
"ΑΝΘΟΥΣΑ";1
"ΑΝΙΚΑ";1
"ΑΝΝΕΖΑ";1
"ΑΝΝΕΖΙΝΑ";1
"ΑΝΝΙΝΟΣ";1
"ΑΝΝΥ";1
"ΑΝΟΙΞΙΑ";1
"ΑΝΟΥΣΩ";1
"ΑΝΤΑ";1
"ΑΝΤΖΟΥΛΙΑ";1
"ΑΝΤΙΓΟΝΟΣ";1
"ΑΝΤΙΚΛΕΙΑ";1
"ΑΝΤΟΝΥ";1
"ΑΝΤΡΗ";1
"ΑΝΤΡΙΑ";1
"ΑΝΤΡΙΑΝΗ";1
"ΑΝΤΡΙΑΝΝΑ";1
"ΑΝΤΡΟΥΛΛΑ";1
"ΑΝΤΩΑΝΝΕΤΑ";1
"ΑΞΙΟΣ";1
"ΑΡΑΜΠΕΛΑ";1
"ΑΡΙΑΘΝΗ";1
"ΑΡΙΜΗΣΤΟΣ";1
"ΑΡΙΜΝΗΣΤΕΑ";1
"ΑΡΙΝΝΑ";1
"ΑΡΙΣΑ";1
"ΑΡΙΣΤΕΙΑ";1
"ΑΡΙΣΤΕΙΔΟΥΛΑ";1
"ΑΡΙΣΤΕΛΑ";1
"ΑΡΙΣΤΙΝΑ";1
"ΑΡΙΣΤΟΒΟΥΛΑ";1
"ΑΡΙΣΤΟΔΗΜΟΣ";1
"ΑΡΙΣΤΟΘΕΑ";1
"ΑΡΙΣΤΟΚΛΕΙΑ";1
"ΑΡΙΣΤΟΤΕΛΑ";1
"ΑΡΙΣΤΟΤΕΛΕΙΑ";1
"ΑΡΛΕΤΑ";1
"ΑΡΟΥΣΙΑΚ";1
"ΑΡΡΙΑΝΟΣ";1
"ΑΡΣΕΝΟΗ";1
"ΑΡΤΙΝ ΑΓΚΟΠ";1
"ΑΡΧΟΝΤΕΙΑ";1
"ΑΡΧΟΝΤΗΣ";1
"ΑΡΧΟΝΤΙΝΑ";1
"ΑΡΧΟΝΤΙΩΝ";1
"ΑΣΑΝΩ";1
"ΑΣΗΜΗΝΑ";1
"ΑΣΗΜΗΣ";1
"ΑΣΠΡΟΥΛΑ";1
"ΑΣΤΕΡΟΠΗ";1
"ΑΣΤΕΡΩΠΗ";1
"ΑΣΤΗΡΟΠΗ";1
"ΑΣΤΡΙΝΗ";1
"ΑΣΥΔΙΑ";1
"ΑΣΥΝΟΥΛΑ";1
"ΑΥΓΕΡΗΣ";1
"ΑΥΓΟΥΣΤΑ";1
"ΑΥΤΑΝΤΙΛ";1
"ΑΦΕΝΤΙΑ";1
"ΑΦΕΝΤΩ";1
"ΑΦΡΟΥΛΑ";1
"ΑΧΙΛΛΕΙΑ";1
"ΒΑΓΙΟΣ";1
"ΒΑΛΑΣΗ";1
"ΒΑΛΕΡΗ";1
"ΒΑΛΕΡΙ";1
"ΒΑΛΜΠΟΝΑ";1
"ΒΑΛΣΑΜΙΝΑ";1
"ΒΑΛΣΑΜΩ";1
"ΒΑΝΕΣΣΑ";1
"ΒΑΡΔΗΣ";1
"ΒΑΡΣΑΜΗΣ";1
"ΒΑΣΙΛΑΚΗΣ";1
"ΒΑΣΙΛΙΑΝΑ";1
"ΒΑΣΙΛΙΚΑ";1
"ΒΑΣΙΛΙΝΑ";1
"ΒΑΣΙΛΙΣΑ";1
"ΒΕΛΛΙΟΣ";1
"ΒΕΝΕΔΙΚΤΗ";1
"ΒΕΝΕΤΙΟΣ";1
"ΒΕΝΕΤΣΑΝΑ";1
"ΒΕΝΕΤΣΙΑΝΑ";1
"ΒΕΡΓΟΥΛΑ";1
"ΒΕΡΙΝΗ";1
"ΒΕΡΡΑ";1
"ΒΗΛΔΑΝ";1
"ΒΙΕΡΑ";1
"ΒΙΚΕΝΤΙΟΣ";1
"ΒΙΚΗ";1
"ΒΙΝΙΕΡΗΣ";1
"ΒΙΟΛΑΝΘΗ";1
"ΒΙΡΓΕΝΙΑ";1
"ΒΛΑΣΣΙΟΣ";1
"ΒΛΟΥΤΙΝΑ";1
"ΒΟΥΖΙΑΝΑ";1
"ΒΡΑΣΙΔΑΣ";1
"ΒΡΕΤΤΑΝΙΑ";1
"ΒΡΙΣΗΙΔΑ";1
"ΓΑΛΑΤΙΑ";1
"ΓΑΛΑΤΣΙΑ";1
"ΓΑΡΟΥΦΑΛΕΝΙΑ";1
"ΓΑΡΟΥΦΑΛΛΙΑ";1
"ΓΑΡΥΦΑΛΛΟΣ";1
"ΓΑΡΥΦΑΛΛΩ";1
"ΓΑΣΠΑΡΗΣ";1
"ΓΕΡΑΚΗΣ";1
"ΓΕΡΑΣΙΑ";1
"ΓΕΡΑΣΙΜΑ";1
"ΓΕΡΜΑΝΟΣ";1
"ΓΕΩΡΓΙΤΣΑ";1
"ΓΕΩΡΓΟΥΛΑ";1
"ΓΙΑΚΟΥΜΗΣ";1
"ΓΙΑΝΝΟΥΛΙΤΣΑ";1
"ΓΙΟΝΙΝΤΑ";1
"ΓΙΟΥΛΣΑΜΗ";1
"ΓΙΟΥΝΟΝΑ";1
"ΓΙΟΥΣΟΥΦ";1
"ΓΙΟΧΑΝΑ";1
"ΓΚΑΜΠΡΙΕΛΛΑ";1
"ΓΚΑΡΑΜΠΕΤ";1
"ΓΚΑΡΥ";1
"ΓΚΙΟΥΚΣΕΛ";1
"ΓΚΙΟΥΛΛΗ";1
"ΓΚΙΟΥΛΤΕΝ";1
"ΓΚΙΟΥΛΧΑΝ";1
"ΓΚΙΟΥΝΕΡ";1
"ΓΛΥΚΟΜΑΧΗ";1
"ΓΟΥΕΝΤΥ";1
"ΓΡΑΜΜΑΤΑ";1
"ΓΡΑΜΜΑΤΩ";1
"ΓΩΓΩ";1
"ΔΑΜΑΣΚΗΝΗ";1
"ΔΑΜΙΑΝΗ";1
"ΔΑΜΙΑΝΟΥΛΑ";1
"ΔΑΜΟΚΛΕΙΑ";1
"ΔΕΔΟΥΣΗΣ";1
"ΔΕΜΗΣ";1
"ΔΕΝΑΛΟΗ";1
"ΔΕΥΚΑΛΙΩΝ";1
"ΔΗΜΑΡΙΣΤΗ";1
"ΔΗΜΟΚΛΕΙΑ";1
"ΔΗΜΟΚΡΑΤΙΑ";1
"ΔΙΑΚΟΥΜΗΣ";1
"ΔΙΑΛΕΚΤΟΣ";1
"ΔΙΑΜΑΝΤΙΑ";1
"ΔΙΑΝΕΛΙΑ";1
"ΔΙΑΣΥΝΩ";1
"ΔΙΔΩ";1
"ΔΙΟΓΕΝΙΑ";1
"ΔΙΩΝΥΣΙΑ";1
"ΔΟΜΗΝΑ";1
"ΔΟΜΝΙΚΑ";1
"ΔΟΥΚΑΙΝΙΤΣΑ";1
"ΔΟΥΚΑΣ";1
"ΔΟΥΚΕΝΗ";1
"ΔΟΥΚΗΤΙΑ";1
"ΔΡΑΚΟΝΤΗΣ";1
"ΔΡΙΑΔΗ";1
"ΔΡΟΣΕΡΗ";1
"ΔΩΡΑ";1
"ΔΩΡΙΤΑ";1
"ΔΩΡΟΘΕΟΣ";1
"ΕΒΕΛΙΝΑ";1
"ΕΒΕΛΥΝ";1
"ΕΒΗ";1
"ΕΙΛΙΚΡΙΝΕΙΑ";1
"ΕΛΑΙΑ";1
"ΕΛΑΙΑΝΘΗ";1
"ΕΛΑΣΙΑ";1
"ΕΛΒΕΤΙΑ";1
"ΕΛΕΝ";1
"ΕΛΕΝΕΤΑ";1
"ΕΛΕΟΝΟΡΑ";1
"ΕΛΕΣΑ";1
"ΕΛΕΣΣΑ";1
"ΕΛΕΥΘΕΡΟΝΙΚΗ";1
"ΕΛΚΙΩΝΗ";1
"ΕΛΜΙΝΑ";1
"ΕΛΠΙΔΗΣ";1
"ΕΛΠΙΔΟΦΟΡΑ";1
"ΕΜΑΝΘΟΥΛΑ";1
"ΕΜΙΛΙΑ";1
"ΕΝΚΕΛΕΝΤΑ";1
"ΕΞΑΡΧΟΣ";1
"ΕΠΑΜΕΙΝΩΝΔΙΑ";1
"ΕΠΙΜΕΛΕΙΑ";1
"ΕΡΓΙΝΑ";1
"ΕΡΓΙΝΟΥΣΑ";1
"ΕΡΓΚΙΝ";1
"ΕΡΙΑΛΝΤΑ";1
"ΕΡΙΑΝΝΑ";1
"ΕΡΙΕΤΤΑ";1
"ΕΡΙΕΤΤΗ";1
"ΕΡΙΚ";1
"ΕΡΙΚΑ";1
"ΕΡΙΚΕΤΗ";1
"ΕΡΜΕΛΙΝΤΑ";1
"ΕΡΜΗΝΑ";1
"ΕΡΜΗΝΙΑ";1
"ΕΡΜΗΣ";1
"ΕΡΣΑΝ";1
"ΕΡΩΤΟΘΕΑ";1
"ΕΡΩΦΥΛΛΗ";1
"ΕΣΑΪΑ";1
"ΕΣΘΗΡ";1
"ΕΣΜΕΡΑΛΝΤΑ";1
"ΕΣΠΕΡΙΔΑ";1
"ΕΣΡΕΦ";1
"ΕΣΤΕΛΛΑ";1
"ΕΤΕΟΚΛΗΣ";1
"ΕΥΓΕΝΕΙΑ";1
"ΕΥΗ";1
"ΕΥΘΥΜΗΣ";1
"ΕΥΚΛΕΙΔΗΣ";1
"ΕΥΜΕΝΙΑ";1
"ΕΥΜΕΝΙΟΣ";1
"ΕΥΜΟΡΦΥΛΗ";1
"ΕΥΝΙΚΗ";1
"ΕΥΡΙΑΝΘΗ";1
"ΕΥΡΥΒΙΑΔΗΣ";1
"ΕΥΡΥΝΩΜΗ";1
"ΕΥΡΩΠΑΙΑ";1
"ΕΥΣΤΑΘΕΙΑ";1
"ΕΥΤΑΞΙΑ";1
"ΕΥΦΟΡΙΑ";1
"ΕΥΦΡΑΝΣΙΑ";1
"ΕΦΕΥΡΕΤΙΣΑ";1
"ΕΦΥΓΕΝΙΑ";1
"ΖΑΪΜΗΣ";1
"ΖΑΚΕΛΙΝ";1
"ΖΑΜΠΕΛΛΑ";1
"ΖΑΜΠΕΤΤΑ";1
"ΖΑΜΠΕΤΩ";1
"ΖΑΝΕΤΑ";1
"ΖΑΡΟΥΪ";1
"ΖΑΦΕΙΡΕΝΙΑ";1
"ΖΑΦΕΙΡΟΣ";1
"ΖΑΧΑΡΑΤΗ";1
"ΖΑΧΑΡΙΑ";1
"ΖΑΧΑΡΙΤΣΑ";1
"ΖΑΧΕΡ";1
"ΖΕΝΕΒΙΕΒ";1
"ΖΗΣΑ";1
"ΖΗΣΟΥΔΑ";1
"ΖΗΣΟΥΛΑ";1
"ΖΗΣΩ";1
"ΖΟΥΜΠΟΥΛΙΤΣΑ";1
"ΖΩΑΝΝΑ";1
"ΖΩΓΡΑΦΑ";1
"ΖΩΓΡΑΦΕΝΙΑ";1
"ΖΩΓΡΑΦΩ ΓΕΩΡΓΙΑ";1
"ΖΩΖΕΦ";1
"ΖΩΟΠΗΓΗ";1
"ΖΩΡΖ";1
"ΗΛΙΟΣΤΑΛΑΚΤΗ";1
"ΘΑΛΑΣΣΙΑ";1
"ΘΑΛΗΣ";1
"ΘΕΑΝΟΥΛΑ";1
"ΘΕΚΛΗ";1
"ΘΕΛΞΗΝΟΗ";1
"ΘΕΛΞΙΝΟΗ";1
"ΘΕΟΚΛΗΣ";1
"ΘΕΟΚΛΙΑ";1
"ΘΕΟΚΤΙΣΤΟΣ";1
"ΘΕΟΛΟΓΗΣ";1
"ΘΕΟΝΑΣ";1
"ΘΕΟΠΗΓΗ";1
"ΘΕΟΠΙΣΤΙΑ";1
"ΘΕΟΠΛΑΣΤΗ";1
"ΘΕΟΣΤΟΡΟΥΛΑ";1
"ΘΕΟΤΟΚΗΣ";1
"ΘΕΟΦΙΛΙΑ";1
"ΘΕΟΦΙΛΙΤΣΑ";1
"ΘΕΟΦΥΛΛΗ";1
"ΘΕΡΕΣΙΑ-ΜΑΡΙΑ";1
"ΘΕΣΑΛΙΑ";1
"ΘΕΤΙΔΑ";1
"ΘΕΤΙΣ";1
"ΘΕΦΑΝΩ";1
"ΘΥΡΣΟΣ";1
"ΘΩΜΟΥΛΑ";1
"ΙΑΚΩΒΙΝΑ";1
"ΙΒΑΝΑ";1
"ΙΕΡΟΥΣΑΛΗΜ";1
"ΙΕΡΩΝΥΜΟΣ";1
"ΙΖΑΜΠΕΛΑ";1
"ΙΛΑΡΙΩΝ";1
"ΙΛΙΑ";1
"ΙΛΟΝΑ";1
"ΙΛΧΑΝ";1
"ΙΝΓΚΗΣ";1
"ΙΟΛΑΝΔΑ";1
"ΙΟΝΑ";1
"ΙΟΝΗ";1
"ΙΟΡΔΑΝΙΑ";1
"ΙΟΥΛΙΤΑ";1
"ΙΟΥΣΤΙΝΑ";1
"ΙΟΥΣΤΙΝΗ";1
"ΙΡΕΝΑ";1
"ΙΡΙΝΑ";1
"ΙΣΙΝΤΑ";1
"ΙΦΙΚΡΑΤΗΣ";1
"ΙΩΑΝΝΕΤΑ";1
"ΙΩΝΑΣ";1
"ΙΩΝΙΑ";1
"ΚΑΛΙΝΙΚΗ";1
"ΚΑΛΙΣΘΕΝΗ";1
"ΚΑΛΙΤΣΑ";1
"ΚΑΛΛΙΝΙΚΗ";1
"ΚΑΛΛΙΝΙΚΟΣ";1
"ΚΑΛΛΙΣ";1
"ΚΑΛΛΙΣΤΑ";1
"ΚΑΛΛΙΤΣΑ";1
"ΚΑΛΛΥΝΑ";1
"ΚΑΛΟΤΙΝΑ";1
"ΚΑΛΟΥΔΗΣ";1
"ΚΑΛΟΥΔΙΤΣΑ";1
"ΚΑΜΕΛΙΑ";1
"ΚΑΝΑΚΗΣ";1
"ΚΑΝΑΡΗΣ";1
"ΚΑΝΕΛΙΑ";1
"ΚΑΝΕΛΛΙΑ";1
"ΚΑΝΤΙΑ";1
"ΚΑΡΑΤΖΑΣ";1
"ΚΑΡΑΦΥΛΛΙΑ";1
"ΚΑΡΕΝ";1
"ΚΑΡΜΕΛΑ";1
"ΚΑΡΜΕΛΑ-ΧΡΙΣΤΙΝ";1
"ΚΑΡΜΗ";1
"ΚΑΣΤΑΝΑ";1
"ΚΑΤΑΡΙΝΑ";1
"ΚΑΤΑΦΥΓΗ";1
"ΚΑΤΕΡΙΝΗ";1
"ΚΑΤΙΦΕΝΙΑ";1
"ΚΑΤΡΙΝΑ";1
"ΚΑΦΕΝΙΑ";1
"ΚΕΡΑΝΗ";1
"ΚΕΡΑΣΣΩ";1
"ΚΕΡΑΤΣΩ";1
"ΚΕΡΚΥΡΑ";1
"ΚΙΚΙΛΙΑ";1
"ΚΙΛΙΚΙΑ";1
"ΚΙΤΣΑ";1
"ΚΛΑΡΑ";1
"ΚΛΕΑΡΕΤΗ";1
"ΚΛΕΙΑΡΕΤΗ";1
"ΚΛΕΙΟΝΙΚΗ";1
"ΚΛΕΟΔΗΜΟΣ";1
"ΚΛΕΟΝΙΚΟΣ";1
"ΚΛΗΜΕΝΤΙΑ";1
"ΚΛΗΤΕΙΑ";1
"ΚΛΩΝΑΡΑ";1
"ΚΟΚΚΩΝΑ";1
"ΚΟΚΚΩΝΗ";1
"ΚΟΜΙΣΣΑ";1
"ΚΟΝΔΥΛΩ";1
"ΚΟΝΙΛΑ";1
"ΚΟΝΤΗ";1
"ΚΟΡΑΣΙΑ";1
"ΚΟΡΤΕΣΣΑ";1
"ΚΟΡΩΝΑ";1
"ΚΟΣΜΙΑ";1
"ΚΟΣΜΟΥΛΑ";1
"ΚΟΥΖΗΝΙΑ";1
"ΚΟΥΖΙΝΙΑ";1
"ΚΟΥΛΑ";1
"ΚΡΕΟΥΣΑ";1
"ΚΡΗΤΙΚΗ";1
"ΚΡΙΝΑ";1
"ΚΡΙΝΗ";1
"ΚΡΙΝΙΩ";1
"ΚΡΙΝΟΥΛΑ";1
"ΚΡΙΣΤΙΝΑ";1
"ΚΡΙΣΤΟΦ";1
"ΚΡΙΤΩΝ";1
"ΚΡΥΝΙΩ";1
"ΚΡΥΣΤΑΛΗ";1
"ΚΥΝΘΙΑ";1
"ΚΥΠΑΡΙΣΣΩ";1
"ΚΥΠΡΙΑΝΗ";1
"ΚΥΠΡΙΑΝΟΣ";1
"ΚΥΡΑΝΘΗ";1
"ΚΥΡΑΝΝΩ";1
"ΚΥΡΑΝΟΥ";1
"ΚΥΡΑΤΣΑ";1
"ΚΥΡΑΤΣΙΩ";1
"ΚΥΡΙΑΦΙΝΑ";1
"ΚΥΡΟΥΛΑ";1
"ΚΩΝΣΤΑΝΤΖΑ";1
"ΚΩΣΤΑΝΤΙΑ";1
"ΛΑΖΑΡΕΤΑ";1
"ΛΑΖΑΡΙΑ";1
"ΛΑΖΑΡΟΥΛΑ";1
"ΛΑΚΗΣ";1
"ΛΑΜΠΡΗ";1
"ΛΑΜΠΡΙΝΟΣ";1
"ΛΑΜΠΩ";1
"ΛΑΟΚΡΑΤΙΑ";1
"ΛΑΡΙΑΔΑ";1
"ΛΑΡΙΣΑ";1
"ΛΑΡΜΠΙ";1
"ΛΑΣΚΑΡΗΣ";1
"ΛΑΣΚΑΡΩ";1
"ΛΑΦΙΝΑ";1
"ΛΕΛΟΥΔΙΑ";1
"ΛΕΜΟΝΘΕΑ";1
"ΛΕΜΟΝΙΤΣΑ";1
"ΛΕΟΝΤΙΟΣ";1
"ΛΕΟΝΩΡΑ";1
"ΛΕΥΚΑΔΑ";1
"ΛΕΥΚΟΦΡΥΣ";1
"ΛΕΩΝΗ";1
"ΛΕΩΝΟΡΑ";1
"ΛΙΑ";1
"ΛΙΑΝΑ";1
"ΛΙΒΕΡΗΣ";1
"ΛΙΛΙΑ";1
"ΛΙΛΙΚΑ";1
"ΛΙΜΠΕΡΤΥ";1
"ΛΙΟΥΝΤΜΙΛΑ";1
"ΛΙΤΣΑ";1
"ΛΟΪΖΟΣ";1
"ΛΟΥΔΑ";1
"ΛΟΥΪΖΟΣ";1
"ΛΟΥΚΙΝΗ";1
"ΛΟΥΚΡΕΤΙΑ";1
"ΛΟΥΚΡΗΤΙΑ";1
"ΛΟΥΚΡΙΤΙΑ";1
"ΛΟΥΛΑ";1
"ΛΟΥΛΟΥΔΑ";1
"ΛΟΥΛΟΥΔΗΣ";1
"ΛΟΥΛΟΥΔΩ";1
"ΛΟΥΣΗ";1
"ΛΟΥΤΣΙΕ";1
"ΛΟΥΤΦΗ";1
"ΛΥΒΙΑ";1
"ΛΥΓΙΑ";1
"ΛΥΔΑ";1
"ΛΥΜΠΕΡΗΣ";1
"ΛΥΣΑΝΔΡΟΣ";1
"ΛΥΣΣΙΜΑΧΟΣ";1
"ΜΑΓΙΑ";1
"ΜΑΚΗΣ";1
"ΜΑΛΓΚΟΖΑΤΑ";1
"ΜΑΝΑΣΗΣ";1
"ΜΑΝΘΟΥΛΑ";1
"ΜΑΝΙΝΑ";1
"ΜΑΝΙΩ";1
"ΜΑΝΤΑΛΕΝΑ";1
"ΜΑΝΤΑΛΕΝΙΑ";1
"ΜΑΝΤΙΑ";1
"ΜΑΝΤΩ";1
"ΜΑΝΩΛΙΤΣΑ";1
"ΜΑΞΙΜΟΣ";1
"ΜΑΡΑΝΘΙΑ";1
"ΜΑΡΓΕΤΑ";1
"ΜΑΡΓΙΕΤΑ";1
"ΜΑΡΓΙΩΡΑ";1
"ΜΑΡΓΙΩΡΗ";1
"ΜΑΡΔΙΤΣΑ";1
"ΜΑΡΙΕΛΕΝΑ";1
"ΜΑΡΙΛΙΑ";1
"ΜΑΡΙΛΥΝ";1
"ΜΑΡΚΕΤΟΥΣΗ";1
"ΜΑΡΚΗΣΙΑ";1
"ΜΑΡΚΟΥΛΑ";1
"ΜΑΡΟΥΔΗ";1
"ΜΑΡΟΥΔΙΤΣΑ";1
"ΜΑΡΟΥΔΙΩ";1
"ΜΑΡΟΥΛΙΤΣΑ";1
"ΜΑΡΟΥΣΗ";1
"ΜΑΡΟΥΣΙΑ";1
"ΜΑΡΟΥΣΩ";1
"ΜΑΡΣΕΛΑ";1
"ΜΑΡΤΙΝ";1
"ΜΑΡΤΙΝΑ";1
"ΜΑΣΤΙΧΕΝΙΑ";1
"ΜΑΤΘΙΛΔΗ";1
"ΜΑΤΙΛΘΗ";1
"ΜΑΤΙΝΙΩ";1
"ΜΑΤΡΩΝΑ";1
"ΜΑΧΗ";1
"ΜΑΧΜΟΥΝΤ";1
"ΜΕΘΟΔΙΟΣ";1
"ΜΕΛΑΝΘΗ";1
"ΜΕΛΑΝΘΩ";1
"ΜΕΛΕΤΙΑ";1
"ΜΕΛΗ";1
"ΜΕΛΙΣΑΝΔΡΑ";1
"ΜΕΛΙΣΣΑ";1
"ΜΕΛΙΣΣΑΝΘΗ";1
"ΜΕΛΙΣΣΩ";1
"ΜΕΛΙΤΙΝΗ";1
"ΜΕΛΛΩ";1
"ΜΕΛΤΙΝΗ";1
"ΜΕΛΩΔΙΤΣΑ";1
"ΜΕΝΑΝΔΡΟΣ";1
"ΜΕΝΕΛΑΗ";1
"ΜΕΝΕΞΕΝΙΑ";1
"ΜΕΝΙΑ";1
"ΜΕΝΙΠΠΟΣ";1
"ΜΕΝΤΖΕΛΟΣ";1
"ΜΕΡΣΕΪΝΤΑ";1
"ΜΕΣΣΗΝΙΑ";1
"ΜΕΧΜΕΤ";1
"ΜΗΔΕΙΑ";1
"ΜΗΛΙΤΣΑ";1
"ΜΗΤΡΟΦΑΝΗΣ";1
"ΜΙΑΟΥΛΗΣ";1
"ΜΙΚΕΛΙΑ";1
"ΜΙΚΕΣ";1
"ΜΙΚΙΡΔΙΤΣ";1
"ΜΙΛΙΤΣΑ";1
"ΜΙΛΚΑ";1
"ΜΙΛΤΟΣ";1
"ΜΙΝΕΡΒΑ";1
"ΜΙΝΩΣ";1
"ΜΙΡΑΝ";1
"ΜΙΡΕΛΛΑ";1
"ΜΙΡΙΕΝΑ";1
"ΜΙΡΛΕΝΑ";1
"ΜΙΡΟΣΛΑΒΑ";1
"ΜΙΣΑΗΛ";1
"ΜΙΧΑΛΙΝΑ";1
"ΜΟΡΦΩ";1
"ΜΟΣΧΟΚΑΡΦΕΝΙΑ";1
"ΜΟΥΕΣΣΕΡ";1
"ΜΟΥΡΒΕΤ";1
"ΜΠΕΛΚΙΣ";1
"ΜΠΕΝΟΥΛΑ";1
"ΜΠΕΤΙΝΗ";1
"ΜΠΙΑΝΚΑ";1
"ΜΠΙΛΙΩ";1
"ΜΠΙΛΚΗ";1
"ΜΠΟΓΔΑΝΑ";1
"ΜΠΟΥΖΙΑΝΑ";1
"ΜΠΟΥΛΕΝΤ";1
"ΜΠΟΥΜΠΟΥΛΙΝΑ";1
"ΜΠΡΟΥΝΙΛΝΤΑ";1
"ΜΥΡΓΙΑΜ";1
"ΜΥΡΙΑΜ";1
"ΜΥΡΣΙΝΑ";1
"ΜΥΡΤΑ";1
"ΜΥΡΤΙΔΙΩΤΙΣΣΑ";1
"ΜΥΡΩ";1
"ΝΑΓΙΑ";1
"ΝΑΖΑΡΙΑ";1
"ΝΑΖΕΛΑ";1
"ΝΑΖΙ";1
"ΝΑΖΛΟΥ";1
"ΝΑΘΑΝΑΗΛ";1
"ΝΑΪΑΔΑ";1
"ΝΑΪΡΑ";1
"ΝΑΛΙΑΝ";1
"ΝΑΝΣΗ";1
"ΝΑΝΤΑ";1
"ΝΑΣΣΙΜ";1
"ΝΑΤΑΛΙ";1
"ΝΑΤΖΙΜΠ";1
"ΝΑΦΙΕ";1
"ΝΕΒΖΑΤ";1
"ΝΕΙΛΟΣ";1
"ΝΕΚΤΑΡΙΕΛΕΝΑ";1
"ΝΕΚΤΑΡΙΝΗ";1
"ΝΕΚΤΩΡΙΑ";1
"ΝΕΛΗ";1
"ΝΕΛΛΗ";1
"ΝΕΟΚΛΕΙΑ";1
"ΝΕΟΝΕΛΛΗΣ";1
"ΝΕΡΑΝΤΖΩ";1
"ΝΕΣΡΙΝ";1
"ΝΕΩΝ";1
"ΝΙΚΑ";1
"ΝΙΚΟΜΑΧΕΙΑ";1
"ΝΙΚΟΥΛΑ";1
"ΝΙΚΩΝΑΣ";1
"ΝΟΝΝΑ";1
"ΝΟΝΤΑΣ";1
"ΝΟΠΗ";1
"ΝΟΥΝΕ";1
"ΝΟΥΡΣΕΛ";1
"ΝΤΑΝΙΕΛΛΑ";1
"ΝΤΑΝΙΤΣΑ";1
"ΝΤΑΡΙΚΟ";1
"ΝΤΕΜΙΡΑ";1
"ΝΤΟΜΙΝΙΚ";1
"ΝΤΟΡΙΑΝΑ";1
"ΝΤΟΡΙΝΑ";1
"ΝΥΜΦΟΔΩΡΑ";1
"ΝΩΡΙΝΑ";1
"ΟΔΥΣΣΕΙΑ";1
"ΟΚΤΑΪ";1
"ΟΛΕΣΙΑ";1
"ΟΛΙΒΙΑ";1
"ΟΛΥΜΠΙΟΣ";1
"ΟΡΘΟΔΟΞΙΑ";1
"ΟΡΘΟΔΟΞΟΣ";1
"ΟΡΣΕΛΑ";1
"ΟΡΦΕΑΣ";1
"ΟΡΦΕΥΣ";1
"ΠΑΓΟΥΛΑ";1
"ΠΑΓΩΝΙΑ";1
"ΠΑΛΑΙΟΛΟΓΟΣ";1
"ΠΑΛΑΣΣΑ";1
"ΠΑΜΕΛΑ";1
"ΠΑΝΑΓΙΟΥ";1
"ΠΑΝΑΓΙΤΑ";1
"ΠΑΝΑΓΙΤΣΑ";1
"ΠΑΝΙΩ";1
"ΠΑΝΣΕΜΝΗ";1
"ΠΑΝΤΕΛΕΑ";1
"ΠΑΝΤΟΥΛΑ";1
"ΠΑΟΥΛΑ";1
"ΠΑΡΕΣΙΑ";1
"ΠΑΡΕΣΣΑ";1
"ΠΑΣΧΑΛΗ";1
"ΠΑΣΧΑΛΙΤΣΑ";1
"ΠΑΤΡΙΣΙΑ";1
"ΠΕΛΙΑΣ";1
"ΠΕΜΠΕ";1
"ΠΕΝΗ";1
"ΠΕΝΚΑ";1
"ΠΕΝΤΖΕΧΡΗ";1
"ΠΕΡΔΙΚΑ";1
"ΠΕΡΗ";1
"ΠΕΡΙΑΝΔΡΟΣ";1
"ΠΕΡΙΚΛΙΤΣΑ";1
"ΠΕΡΙΜΑΝΘΟΥΛΑ";1
"ΠΕΡΠΕΤΟΥΑ";1
"ΠΕΡΣΗ";1
"ΠΕΤΡΑ";1
"ΠΕΤΡΙΤΣΙΑ";1
"ΠΗΝΕΙΩ";1
"ΠΙΕΡΟΥΛΑ";1
"ΠΙΕΡΡΟΣ";1
"ΠΛΑΤΩΝ";1
"ΠΛΟΥΜΗ";1
"ΠΛΟΥΣΙΑ";1
"ΠΛΟΥΤΑΡΧΟΣ";1
"ΠΟΘΗΤΟΣ";1
"ΠΟΛΙΤΕΙΑ";1
"ΠΟΛΥΑΝΘΗ";1
"ΠΟΛΥΑΝΘΗ ΜΑΡΙΑ";1
"ΠΟΛΥΓΝΩΤΟΣ";1
"ΠΟΛΥΖΟΣ";1
"ΠΟΛΥΚΛΕΙΤΟΣ";1
"ΠΟΛΥΚΡΑΤΗΣ";1
"ΠΟΛΥΜΕΡΗΣ";1
"ΠΟΠΗ";1
"ΠΟΠΛΙΑ";1
"ΠΟΣΕΙΔΩΝΑΣ";1
"ΠΟΤΑ";1
"ΠΟΤΙΤΣΑ";1
"ΠΟΥΛΙΟΣ";1
"ΠΟΥΠΟΥΛΑ";1
"ΠΡΑΞΙΤΕΛΗΣ";1
"ΠΡΕΣΒΙΑ";1
"ΠΡΟΚΟΠΙΑ";1
"ΠΡΟΜΗΘΕΑΣ";1
"ΠΩΛ";1
"ΡΑΔΑΜΑΝΘΥΣ";1
"ΡΑΪΔΩ";1
"ΡΑΛΙΑ";1
"ΡΑΜΑΔΑΝ";1
"ΡΑΜΟΝΑ";1
"ΡΑΜΠΕΛΙΑ";1
"ΡΕΜΖΙΕ";1
"ΡΕΜΟΥΣ";1
"ΡΕΝΑΤΕ";1
"ΡΕΝΕ";1
"ΡΗΓΟΠΟΥΛΑ";1
"ΡΗΓΟΥΛΑ";1
"ΡΙΑ";1
"ΡΙΓΩ";1
"ΡΙΓΩΤΟΥ";1
"ΡΙΖΟΥΛΑ";1
"ΡΙΤΑ";1
"ΡΙΤΒΑΝ";1
"ΡΟΔΕΛΠΙΔΑ";1
"ΡΟΔΙΚΑ";1
"ΡΟΔΟΚΛΕΙΑ";1
"ΡΟΔΟΝΙΚΗ";1
"ΡΟΔΟΠΗΣ";1
"ΡΟΔΩ";1
"ΡΟΖΕΤΑ";1
"ΡΟΖΕΤΤΑ";1
"ΡΟΖΙΤΑ";1
"ΡΟΪΔΗ";1
"ΡΟΪΔΟΥΛΑ";1
"ΡΟΜΙΝΑ";1
"ΡΟΥΔΑΜΑ";1
"ΡΟΥΝΤΙΝ";1
"ΡΟΥΣΗΣ";1
"ΡΟΥΣΚΑ";1
"ΡΟΥΣΣΑ";1
"ΡΟΥΣΣΗΣ";1
"ΡΩΜΑΙΟΣ";1
"ΡΩΜΑΛΕΑ";1
"ΡΩΜΑΝΟΣ";1
"ΡΩΣΙΑ";1
"ΡΩΣΣΕΤΟΣ";1
"ΣΑΒΒΑΤΑ";1
"ΣΑΒΒΑΤΟΥ";1
"ΣΑΗΜ";1
"ΣΑΜΑΝΘΑ";1
"ΣΑΜΒΕΛ";1
"ΣΑΜΕΝΘΑ";1
"ΣΑΜΙ";1
"ΣΑΜΙΑ";1
"ΣΑΜΙΡ";1
"ΣΑΜΟΥΗΛ";1
"ΣΑΝΤΡΑ";1
"ΣΑΣΑ";1
"ΣΒΕΤΛΑΝΑ";1
"ΣΕΒΑΣΤΟΣ";1
"ΣΕΒΑΣΤΟΥΛΑ";1
"ΣΕΛΝΤΑ";1
"ΣΕΜΙΡΑ";1
"ΣΕΜΠΑΣΤΙΑΝ";1
"ΣΕΝΤΑ";1
"ΣΕΡΑΦΕΙΑ";1
"ΣΕΡΑΦΟΥΛΑ";1
"ΣΕΡΡΑ";1
"ΣΕΣΙΛ";1
"ΣΕΤΣΙΛ";1
"ΣΗΜΕΡΟΥΔΑ";1
"ΣΗΦΗΣ";1
"ΣΙΑΚΕ";1
"ΣΙΑΜΕΡΙΑΝ";1
"ΣΙΑΝΑ";1
"ΣΙΒΥΛΛΑ";1
"ΣΙΓΚΡΙΝΤ";1
"ΣΙΔΕΡΕΝΙΑ";1
"ΣΙΔΕΡΩ";1
"ΣΙΜΟΝΑ";1
"ΣΙΜΟΝΑ ΚΛΑΟΥΝΤΙΑ";1
"ΣΙΜΠΕΛ";1
"ΣΙΩΝΙΑ";1
"ΣΚΕΥΟΣ";1
"ΣΚΕΥΟΦΥΛΑΞ";1
"ΣΜΥΡΝΑ";1
"ΣΟΛΟΜΩΝ";1
"ΣΟΝΙΛΑ";1
"ΣΟΥΖΑΝ";1
"ΣΟΥΝΑΙ";1
"ΣΟΥΣΑΝΗ";1
"ΣΟΦΡΩΝΙΑ";1
"ΣΠΑΡΤΑΚΟΣ";1
"ΣΠΑΣΗΣ";1
"ΣΠΗΛΙΑ";1
"ΣΠΗΛΙΟΠΑΝΑΓΙΩΤΗΣ";1
"ΣΠΗΛΙΩΤΗΣ";1
"ΣΠΥΡΑΝΝΑ";1
"ΣΠΥΡΟΥΛΑ";1
"ΣΠΥΡΩ";1
"ΣΤΑΛΛΗ";1
"ΣΤΑΜΑΤΕΛΑ";1
"ΣΤΑΜΑΤΙΝΗ";1
"ΣΤΑΜΑΤΩ";1
"ΣΤΑΜΕΛΟΣ";1
"ΣΤΑΜΟΣ";1
"ΣΤΑΜΟΥΔΑ";1
"ΣΤΑΜΟΥΛΑ";1
"ΣΤΑΜΟΥΛΩ";1
"ΣΤΑΥΡΙΑΝΘΗ";1
"ΣΤΑΥΡΙΝΗ";1
"ΣΤΕΛΙΑΝΑ";1
"ΣΤΕΡΓΙΑΝΩ";1
"ΣΤΕΡΓΙΟΥΛΑ";1
"ΣΤΕΦΑΝΑ";1
"ΣΤΕΦΑΝΗ";1
"ΣΤΙΛΠΩΝ";1
"ΣΤΟΓΙΑΝΑ";1
"ΣΤΟΪΚΟΣ";1
"ΣΤΡΑΤΙΑΝΝΑ";1
"ΣΤΡΑΤΟΥΛΑ";1
"ΣΤΥΛΙΑΝΑ";1
"ΣΥΜΕΛΛΙΑ";1
"ΣΥΝΟΔΙΑ";1
"ΣΥΡΑΓΩ";1
"ΣΥΡΙΓΩ";1
"ΣΥΡΙΟΣ";1
"ΣΥΡΜΑΛΕΝΙΑ";1
"ΣΥΡΜΑΤΟΥΛΑ";1
"ΣΩΖΩΝ";1
"ΣΩΝΙΑ";1
"ΣΩΤΗΡΟΥΛΑ";1
"ΣΩΦΡΟΝΙΟΣ";1
"ΤΑΚΗΣ";1
"ΤΑΜΑΜΑ";1
"ΤΑΡΣΑ";1
"ΤΑΡΣΗ";1
"ΤΑΡΣΙΑ";1
"ΤΑΤΣΕΛΟΣ";1
"ΤΖΑΝΕΤΙΝΑ";1
"ΤΖΑΝΕΤΟΣ";1
"ΤΖΑΝΝΕΤΟΣ";1
"ΤΖΕΪΛΙΑΝ";1
"ΤΖΕΪΜΣ";1
"ΤΖΕΜΑΛ";1
"ΤΖΕΣΙΚΑ";1
"ΤΖΕΣΣΙΚΑ";1
"ΤΖΙΕΝΓΚΕΣ";1
"ΤΖΙΟΒΑΝΑ";1
"ΤΖΙΟΒΑΝΝΑ";1
"ΤΖΙΧΑΤ";1
"ΤΖΟΥΜΑ";1
"ΤΖΟΥΣ";1
"ΤΖΩΡΤΖΗΣ";1
"ΤΗΛΕΜΑΧΗ";1
"ΤΙΜΟΚΛΕΙΑ";1
"ΤΙΝΑ";1
"ΤΟΜΑΣ";1
"ΤΟΜΗΣ";1
"ΤΟΡΟΣ";1
"ΤΟΥΝΤΖΑΗ";1
"ΤΡΑΓΙΑΝΗ";1
"ΤΡΑΪΑΝΟΣ";1
"ΤΡΙΑΝΤΑΦΥΛΛΕΝΙΑ";1
"ΤΡΙΑΝΤΑΦΥΛΛΙΤΣΑ";1
"ΤΡΙΑΝΤΑΦΥΛΛΙΩ";1
"ΤΡΙΑΣ ΙΟΥΛΙΤΑ";1
"ΤΣΙΤΣΑ";1
"ΥΒΟΝΗ";1
"ΥΒΟΝΝΗ";1
"ΥΟΛΑΝΔΑ";1
"ΦΑΕΙΝΗ";1
"ΦΑΙΑΝΤΩΡΑ";1
"ΦΑΜΠΙΟΛΑ";1
"ΦΑΝΕΡΩΜΕΝΗ";1
"ΦΑΝΙΑ";1
"ΦΑΝΟΥΡΙΑ";1
"ΦΑΝΤΩ";1
"ΦΑΣΣΑ";1
"ΦΑΤΙΧ";1
"ΦΑΤΜΕ";1
"ΦΕΝΙΑ";1
"ΦΕΡΟΝΙΚΗ";1
"ΦΙΓΑΛΕΙΑ";1
"ΦΙΛΑΡΕΤΟΣ";1
"ΦΙΛΙΝΑ";1
"ΦΙΛΙΠΠΑ";1
"ΦΙΛΙΠΠΟΥΛΑ";1
"ΦΙΛΟΔΩΡΑ";1
"ΦΙΛΟΚΛΗΣ";1
"ΦΙΛΟΚΤΗΜΩΝ";1
"ΦΙΛΟΞΕΝΗ";1
"ΦΙΛΩΝ";1
"ΦΙΟΡΗ";1
"ΦΙΟΡΟΥΛΑ";1
"ΦΙΩΡΗ";1
"ΦΛΩΡΕΝΙΑ";1
"ΦΛΩΡΕΝΤΙΝΗ";1
"ΦΛΩΡΙΚΑ";1
"ΦΟΙΝΙΚΗ";1
"ΦΟΝΤΑΝΑ";1
"ΦΟΥΛΑ";1
"ΦΡΑΓΚΙΟΣ";1
"ΦΡΑΓΚΙΣΚΑ";1
"ΦΡΑΓΚΙΤΣΑ";1
"ΦΡΑΝΚΟΣ";1
"ΦΡΑΝΣΗ";1
"ΦΡΑΤΖΕΣΚΑ";1
"ΦΡΑΤΖΕΣΚΟ";1
"ΦΡΕΙΔΕΡΙΚΟΣ";1
"ΦΡΙΞΟΣ";1
"ΦΡΟΙΞΟΣ";1
"ΦΡΟΣΑ";1
"ΦΥΛΑΚΤΟΣ";1
"ΦΥΛΙΖ";1
"ΦΥΛΛΙΩ";1
"ΦΩΣΤΗΡΙΑ";1
"ΦΩΤΕΙΑΝΝΑ";1
"ΦΩΤΗ";1
"ΦΩΤΙΚΑ";1
"ΦΩΦΗ";1
"ΦΩΦΩ";1
"ΧΑΔΟΥΛΑ";1
"ΧΑΪΚΟ";1
"ΧΑΛΕΝΤ";1
"ΧΑΡΑΛΑΜΠΟΥΛΑ";1
"ΧΑΡΗ";1
"ΧΑΡΙΖΑΝΗΣ";1
"ΧΑΡΙΤΟΣ";1
"ΧΑΣΑΝ";1
"ΧΕΪΝΕ";1
"ΧΛΟΗ";1
"ΧΟΡΕΝ";1
"ΧΟΡΧΕ";1
"ΧΟΥΡΜΟΥΖΗΣ";1
"ΧΡΗΣΤΟΜΑΝΩΛΗΣ";1
"ΧΡΙΣΤΑ";1
"ΧΡΙΣΤΑΚΗΣ";1
"ΧΡΙΣΤΟΒΑΛΑΝΤΗ";1
"ΧΡΙΣΤΟΔΟΥΛΗ";1
"ΧΡΙΣΤΟΦΟΡΑ";1
"ΧΡΙΣΤΟΦΥΛΛΗ";1
"ΧΡΟΝΙΑ";1
"ΧΡΥΣΑΦΗΣ";1
"ΧΡΥΣΕΥΗ";1
"ΧΡΥΣΟΘΕΜΙΣ";1
"ΧΡΥΣΟΜΑΛΗ";1
"ΧΡΥΣΟΝΘΕΜΙΣ";1
"ΧΡΥΣΤΑΛΑ";1
"ΧΡΥΣΤΑΛΛΑ";1
"ΧΥΤΟΥΛΑ";1
"ΩΡΑΙΑΝΘΗ";1
"ΩΡΙΓΕΝΗΣ";1
"ΓΙΑΝΝΗΣ";1
"ΑΛΕΞΗΣ";1
"ΑΝΑΣΤΑΣΗΣ";1
"ΑΝΤΩΝΗΣ";1
"ΑΡΓΥΡΗΣ";1
"ΑΡΣΕΝΗΣ";1
"ΑΡΤΕΜΗΣ";1
"ΑΣΤΕΡΗΣ";1
"ΒΑΣΙΛΗΣ";1
"ΒΛΑΣΗΣ";1
"ΒΛΑΣΣΗΣ";1
"ΓΕΩΡΓΗΣ";1
"ΓΡΗΓΟΡΗΣ";1
"ΔΗΜΗΤΡΗΣ";1
"ΔΙΟΝΥΣΗΣ";1
"ΕΥΜΕΝΗΣ";1
"ΕΥΤΥΧΗΣ";1
"ΖΑΦΕΙΡΗΣ";1
"ΘΕΟΔΟΣΗΣ";1
"ΙΓΝΑΤΗΣ";1
"ΛΑΥΡΕΝΤΗΣ";1
"ΠΡΟΚΟΠΗΣ";1
"ΣΤΑΜΑΤΗΣ";1
"ΣΩΤΗΡΗΣ";1
"ΦΑΝΟΥΡΗΣ";1
"ΦΩΤΗΣ";1
